Title,Note,URL,Tags,Comment
,,,,
Camarón Chido,,https://www.google.com/maps/place/Camar%C3%B3n+Chido/data=!4m2!3m1!1s0x85d1ff4919fbe471:0x5d5e02e90d969d57,,
ULTRAMARINOS DEMAR,,https://www.google.com/maps/place/ULTRAMARINOS+DEMAR/data=!4m2!3m1!1s0x85d1ff003cb5ceeb:0x9ecb12cbee322204,,
Smart Food Pescado Sustentable,,https://www.google.com/maps/place/Smart+Food+Pescado+Sustentable/data=!4m2!3m1!1s0x85d1ffeaccd28f59:0x1e7f6c1c8d4de127,,
Mi Compa Chava Marisquería,,https://www.google.com/maps/place/Mi+Compa+Chava+Marisquer%C3%ADa/data=!4m2!3m1!1s0x85d1ff976e20f4d1:0x2087fc553413be6a,,
Contramar,,https://www.google.com/maps/place/Contramar/data=!4m2!3m1!1s0x85d1ff2fbf2f3f7b:0xe8a4468e5f14a3f,,
Ostrería 109,,https://www.google.com/maps/place/Ostrer%C3%ADa+109/data=!4m2!3m1!1s0x85d1ff8a01ab1a61:0xb84f9e1c5eb8075f,,
ABRASAMAR,,https://www.google.com/maps/place/ABRASAMAR/data=!4m2!3m1!1s0x85d1ff00661a5335:0x6ec1f929f9ce8a33,,
EL TIBUR,,https://www.google.com/maps/place/EL+TIBUR/data=!4m2!3m1!1s0x85d1ff5d1002908f:0xeee8110733a58c14,,
